col_name,val_mean_rmse,val_var_rmse,rmse_delta
trafficSource_adwordsClickInfo.page,2.209365433603814,0.039693199758471596,0.0
trafficSource_source,2.17211824597095,0.03847700850456411,0.037247187632864165
trafficSource_keyword,2.172409953142708,0.03842693246053507,-0.0002917071717578601
visitNumber,2.165734696761937,0.03860276750151977,0.006383549209012962
geoNetwork_city,2.1557636777952798,0.03859729692673995,0.009971018966657308
trafficSource_adwordsClickInfo.adNetworkType,2.1557636777952798,0.03859729692673995,0.0
geoNetwork_region,2.154754296239871,0.038691802154956045,0.0010093815554088614
trafficSource_adwordsClickInfo.gclId,2.1550408619542387,0.03867689947918166,-0.00028656571436780354
geoNetwork_country,2.1482131739912895,0.03717179495700562,0.006541122248581388
totals_pageviews,1.9283392834707194,0.02636335357381402,0.21987389052057016
trafficSource_medium,1.926922724128047,0.027297959178937563,0.0014165593426722634
totals_hits,1.8889501217303066,0.02248865217894742,0.037972602397740474
trafficSource_adwordsClickInfo.isVideoAd,1.8889501217303064,0.022488652178947445,2.220446049250313e-16
trafficSource_isTrueDirect,1.8917318617988745,0.024029400335281767,-0.002781740068568128
trafficSource_adContent,1.8922125365646765,0.023999018201545826,-0.0032624148343700643
device_isMobile,1.885077320334915,0.02281096303247096,0.0038728013953914786
geoNetwork_continent,1.8846227854968665,0.02285693516729412,0.0004545348380484704
totals_newVisits,1.8846227854968665,0.02285693516729412,0.0
geoNetwork_metro,1.8802800815844478,0.022133370831695847,0.004342703912418644
geoNetwork_networkDomain,1.8845086435893266,0.023417609249601616,-0.004228562004878755
trafficSource_referralPath,1.8842561626928482,0.022896735473354152,-0.00397608110840042
device_browser,1.8781410731044759,0.023784201641675454,0.002139008479971949
trafficSource_campaign,1.8780123398915616,0.02375200399123046,0.0001287332129142893
geoNetwork_subContinent,1.8784204857459035,0.02376762384355141,-0.0004081458543419014
totals_bounces,1.8784204857459035,0.02376762384355141,-0.0004081458543419014
device_deviceCategory,1.8784206773416858,0.023767650794069232,-0.00040833745012425204
device_operatingSystem,1.8825777613438164,0.023374206264416237,-0.004565421452254803
channelGrouping,1.8823615792330652,0.022515405102482976,-0.004349239341503663
trafficSource_adwordsClickInfo.slot,1.8823615792330652,0.022515405102482962,-0.004349239341503663
device_operatingSystem,2.2012352100411343,0.03926623748419927,0.0
geoNetwork_subContinent,2.181401371980834,0.03879032078031798,0.01983383806030048
device_isMobile,2.1813961625470717,0.03880242977578087,5.209433762143334e-06
trafficSource_adwordsClickInfo.adNetworkType,2.18125512299994,0.0388625338667589,0.00014103954713151623
geoNetwork_continent,2.1812808329111233,0.03886346556139915,-2.570991118311383e-05
geoNetwork_region,2.172979654663486,0.038084827068836966,0.008275468336454317
geoNetwork_metro,2.1730088719864162,0.03800130844021103,-2.9217322930374934e-05
totals_newVisits,2.160631894592951,0.03913148015376449,0.012347760070535063
trafficSource_adContent,2.1602289405500334,0.03919568160531167,0.00040295404291734727
trafficSource_medium,2.1581183464741125,0.03924949333589971,0.0021105940759209574
geoNetwork_networkDomain,2.1588709368541403,0.03880341323115958,-0.00075259038002784
trafficSource_adwordsClickInfo.isVideoAd,2.1588709368541403,0.03880341323115951,-0.00075259038002784
totals_hits,1.963006928530683,0.03042083862582277,0.19511141794342945
totals_bounces,1.963006928530683,0.03042083862582274,0.0
geoNetwork_country,1.9543229203308516,0.029427500123751227,0.008684008199831394
trafficSource_adwordsClickInfo.slot,1.9543229203308514,0.029427500123751227,2.220446049250313e-16
totals_pageviews,1.889060297805369,0.023877423725200693,0.06526262252548243
trafficSource_adwordsClickInfo.gclId,1.8891147503322046,0.024127365154546082,-5.445252683555779e-05
device_deviceCategory,1.888969055059098,0.024181718839537923,9.124274627092532e-05
trafficSource_referralPath,1.8823132722110896,0.024819995003989397,0.006655782848008496
geoNetwork_city,1.8791858931765728,0.024012779456737233,0.003127379034516764
trafficSource_adwordsClickInfo.page,1.8791858931765728,0.024012779456737233,0.0
trafficSource_campaign,1.8782625306913556,0.02372472357137776,0.0009233624852171829
trafficSource_isTrueDirect,1.8843378764838263,0.024571215860796986,-0.00607534579247071
device_browser,1.876092938761452,0.025596397508092523,0.002169591929903625
trafficSource_keyword,1.879073553427198,0.024629632497181416,-0.002980614665746062
trafficSource_source,1.8794540775676818,0.0249978050352255,-0.003361138806229791
visitNumber,1.8815211962286191,0.023011908543017802,-0.00542825746716713
channelGrouping,1.8817932657015501,0.022305700900036463,-0.005700326940098144
device_isMobile,2.2078119713479207,0.03946360870972339,0.0
trafficSource_adwordsClickInfo.gclId,2.208017172377967,0.039500169278150955,-0.00020520103004617596
totals_hits,2.0178741801357236,0.02572184409305296,0.18993779121219712
trafficSource_adwordsClickInfo.isVideoAd,2.017877876058533,0.025720356100497877,-3.695922809576757e-06
geoNetwork_continent,1.9895757647017014,0.02615421243268635,0.028298415434022228
totals_bounces,1.9895757647017014,0.026154212432686313,0.0
trafficSource_adwordsClickInfo.adNetworkType,1.989575764701701,0.026154212432686293,4.440892098500626e-16
visitNumber,1.9737237327165478,0.028427367304856316,0.01585203198515317
trafficSource_adwordsClickInfo.slot,1.9737237327165478,0.02842736730485628,0.0
trafficSource_medium,1.9711469960445407,0.028939978223651026,0.002576736672007085
trafficSource_source,1.962684218141856,0.030279173203741804,0.008462777902684682
trafficSource_adContent,1.962837999869993,0.03024994941599306,-0.00015378172813695912
totals_pageviews,1.8891062198187032,0.022599745002025905,0.07357799832315282
trafficSource_adwordsClickInfo.page,1.8891062198187032,0.022599745002025877,0.0
device_browser,1.8871301437138386,0.023220455347314244,0.0019760761048646103
channelGrouping,1.8853150128692266,0.022220493246782484,0.001815130844611934
device_operatingSystem,1.8842312486761625,0.023718514197346708,0.0010837641930641073
geoNetwork_subContinent,1.883720331976599,0.02300784834627278,0.0005109166995636016
geoNetwork_metro,1.8817023792706347,0.02334731598107734,0.0020179527059642766
geoNetwork_networkDomain,1.8834420343684286,0.02332840803336458,-0.0017396550977939462
totals_newVisits,1.8834420343684286,0.023328408033364605,-0.0017396550977939462
geoNetwork_country,1.8784018674730718,0.022602623875880985,0.003300511797562855
geoNetwork_region,1.8805031950117381,0.023078839232474967,-0.00210132753866632
geoNetwork_city,1.8739849102087098,0.0225849978702665,0.004416957264361976
trafficSource_isTrueDirect,1.8823033629024901,0.02337904765384996,-0.008318452693780287
trafficSource_referralPath,1.8817080532040174,0.022575414209003813,-0.007723142995307519
trafficSource_campaign,1.8817080532040174,0.022575414209003813,-0.007723142995307519
device_deviceCategory,1.881707390620764,0.02257531897028814,-0.007722480412054145
trafficSource_keyword,1.8817017180143782,0.022317301208898584,-0.007716807805668413
device_browser,2.2049940305221214,0.039276187087670514,0.0
channelGrouping,2.1819372530787815,0.038555524729348346,0.023056777443339893
geoNetwork_networkDomain,2.1730234168162856,0.035818427100592944,0.008913836262495867
totals_bounces,2.1618493564079087,0.03516749660277811,0.011174060408376985
device_operatingSystem,2.1600790641099423,0.035609203202669436,0.001770292297966325
trafficSource_medium,2.1601618801171387,0.03556030236629025,-8.28160071963957e-05
trafficSource_source,2.1564475077602037,0.034833716366185895,0.0036315563497386627
trafficSource_adwordsClickInfo.slot,2.1563253918758463,0.03491248707401301,0.00012211588435739884
trafficSource_campaign,2.1563244163237414,0.03502216230418849,9.755521048759874e-07
trafficSource_isTrueDirect,2.1502443071799835,0.03580063191175829,0.006080109143757895
geoNetwork_metro,2.1443332523209206,0.036602837802804,0.0059110548590628476
trafficSource_referralPath,2.1450677567549263,0.03698864120762511,-0.0007345044340056894
trafficSource_adwordsClickInfo.isVideoAd,2.1450677567549263,0.03698864120762513,-0.0007345044340056894
totals_pageviews,1.9405848034084268,0.026702513554748945,0.20374844891249388
trafficSource_adwordsClickInfo.adNetworkType,1.9405848034084268,0.026702513554748987,0.0
totals_hits,1.9008558695594193,0.02268128686341004,0.03972893384900744
visitNumber,1.895659052931006,0.023135852845340723,0.005196816628413314
trafficSource_adwordsClickInfo.page,1.895659052931006,0.02313585284534074,0.0
device_deviceCategory,1.8950482682563898,0.022942536416748992,0.0006107846746161716
geoNetwork_continent,1.8792754082072083,0.024085616283226315,0.015772860049181547
trafficSource_adContent,1.8792754082072083,0.02408561628322629,0.0
totals_newVisits,1.8792754082072083,0.024085616283226315,0.0
geoNetwork_city,1.8799832307420181,0.024569583021700963,-0.0007078225348098321
device_isMobile,1.8815998260614428,0.02400505082314818,-0.0023244178542345395
trafficSource_keyword,1.8807115792440108,0.02448531053299808,-0.0014361710368024916
geoNetwork_country,1.8762780731682813,0.022720040760287157,0.0029973350389269626
trafficSource_adwordsClickInfo.gclId,1.876617012827666,0.0228492215419763,-0.00033893965938469606
geoNetwork_subContinent,1.8745430930437528,0.02310596107699143,0.0017349801245285512
geoNetwork_region,1.881814104243534,0.022271404250082755,-0.00727101119978113
trafficSource_adwordsClickInfo.slot,2.2093600201730803,0.03969535922704512,0.0
geoNetwork_region,2.1847775914608296,0.037834448091408145,0.024582428712250692
geoNetwork_metro,2.1845821170717534,0.03764080651559849,0.00019547438907618897
geoNetwork_subContinent,2.1805166806158574,0.03794650413985235,0.0040654364558960765
visitNumber,2.168085543411143,0.03946410147768555,0.01243113720471456
trafficSource_medium,2.1626696967675363,0.03875336813001972,0.005415846643606503
totals_newVisits,2.1626696967675363,0.038753368130019686,0.0
totals_bounces,2.1453049553064885,0.038496055511927904,0.017364741461047828
totals_hits,1.967029855315705,0.02923665561243166,0.1782750999907834
trafficSource_adwordsClickInfo.gclId,1.9691496341215422,0.02929994138310065,-0.002119778805837136
geoNetwork_country,1.961433120093663,0.028124138595892904,0.005596735222042071
device_deviceCategory,1.9589073733744446,0.0267599139363214,0.002525746719218347
trafficSource_isTrueDirect,1.9600363850989866,0.027572829783748996,-0.0011290117245419395
totals_pageviews,1.8943017348654458,0.022228033881970023,0.06460563850899881
trafficSource_source,1.8865801302103251,0.02239701983400006,0.0077216046551207285
trafficSource_adwordsClickInfo.adNetworkType,1.8865801302103251,0.022397019834000054,0.0
channelGrouping,1.8879410415563735,0.0223637073651774,-0.0013609113460484323
device_isMobile,1.887845122223061,0.02245200258235506,-0.0012649920127358882
device_operatingSystem,1.8849569429623112,0.020711760647628308,0.0016231872480139131
trafficSource_adwordsClickInfo.page,1.884956942962311,0.0207117606476283,2.220446049250313e-16
trafficSource_campaign,1.8849225034706205,0.020774831563439372,3.443949169046334e-05
trafficSource_keyword,1.8848101505767851,0.021944693220626373,0.00011235289383537683
device_browser,1.8820786680394375,0.022362889269961106,0.0027314825373476737
trafficSource_referralPath,1.8833702918842046,0.02236958744580279,-0.0012916238447671091
geoNetwork_networkDomain,1.883667039121806,0.023543548430737905,-0.0015883710823685337
geoNetwork_continent,1.8827419281710356,0.024155505179544023,-0.0006632601315981201
trafficSource_adwordsClickInfo.isVideoAd,1.8827419281710356,0.02415550517954403,-0.0006632601315981201
trafficSource_adContent,1.8824458749579107,0.024112744032206628,-0.0003672069184732507
geoNetwork_city,1.8819231253612922,0.02226261661683448,0.00015554267814521516
geoNetwork_subContinent,2.192376250531752,0.039295901147773794,0.0
trafficSource_campaign,2.1919940934498947,0.03936650765641468,0.0003821570818574038
channelGrouping,2.172600876676073,0.037563170415104576,0.019393216773821553
device_deviceCategory,2.169315621110231,0.03708322059933095,0.003285255565842249
device_isMobile,2.1692818977885264,0.03709893942184508,3.372332170448189e-05
trafficSource_medium,2.169280358383828,0.037097568131890205,1.539404698380764e-06
geoNetwork_metro,2.1639624949325724,0.03778005124585806,0.005317863451255622
trafficSource_source,2.1591829378750567,0.03801245729263412,0.00477955705751576
totals_bounces,2.148408546250072,0.037156287099400956,0.010774391624984503
trafficSource_adContent,2.1483578904587493,0.037168680740038706,5.065579132290665e-05
trafficSource_isTrueDirect,2.1420280054984873,0.03788216350503616,0.006329884960261989
device_browser,2.14168245957049,0.03769817747190637,0.0003455459279972928
trafficSource_keyword,2.142029847829151,0.037638187032307015,-0.0003473882586608745
device_operatingSystem,2.141234451358172,0.03795405878006099,0.00044800821231794075
geoNetwork_region,2.1392788573415995,0.037829360908554356,0.001955594016572526
trafficSource_referralPath,2.1394680034101126,0.0377526161619959,-0.00018914606851305749
visitNumber,2.1371379847171,0.03871526365232353,0.002140872624499579
geoNetwork_country,2.1362632357781193,0.037020464076187566,0.0008747489389806518
geoNetwork_city,2.132445455543993,0.0371324419333053,0.003817780234126378
geoNetwork_continent,2.1319547691243543,0.03711531962538951,0.0004906864196385641
trafficSource_adwordsClickInfo.isVideoAd,2.131792722917198,0.03705188957273583,0.0001620462071563189
trafficSource_adwordsClickInfo.slot,2.1317923067395164,0.03705207769241317,4.161776816502538e-07
totals_pageviews,1.910715960326081,0.025527262206382583,0.22107634641343532
totals_hits,1.8749974674669907,0.02203716554013892,0.035718492859090345
trafficSource_adwordsClickInfo.adNetworkType,1.8749974674669905,0.022037165540138896,2.220446049250313e-16
trafficSource_adwordsClickInfo.page,1.8749974674669907,0.022037165540138938,-2.220446049250313e-16
trafficSource_adwordsClickInfo.gclId,1.8757810078761465,0.021684875618694137,-0.0007835404091560694
geoNetwork_networkDomain,1.881814104243534,0.022271404250082748,-0.006816636776543428
totals_newVisits,1.881814104243534,0.022271404250082755,-0.006816636776543428
channelGrouping,2.1845604088261643,0.03865848949040016,0.0
trafficSource_campaign,2.1845629166158202,0.03866997988552725,-2.5077896559366764e-06
trafficSource_adwordsClickInfo.adNetworkType,2.1845629165370886,0.03866997985512671,-2.5077109242488405e-06
trafficSource_source,2.1727466155501296,0.038547719947800624,0.011813793276034712
totals_bounces,2.1625697443275715,0.03810105333292437,0.01017687122255806
trafficSource_adwordsClickInfo.page,2.1625697443275715,0.03810105333292437,0.0
geoNetwork_subContinent,2.1563954162742105,0.03651379839313511,0.0061743280533610445
device_deviceCategory,2.1546636633927365,0.03616653541880098,0.0017317528814739802
device_operatingSystem,2.1529687597546925,0.03653179732609757,0.0016949036380440319
totals_pageviews,1.9538976411676465,0.02678218241695619,0.19907111858704596
geoNetwork_region,1.9469076051079024,0.026265696313046434,0.006990036059744131
device_isMobile,1.9464284883219432,0.0264630972462671,0.0004791167859592438
visitNumber,1.9336878112290379,0.027533381486699943,0.012740677092905273
trafficSource_medium,1.9385340929448678,0.027372247596056505,-0.004846281715829903
totals_newVisits,1.938534092944868,0.02737224759605651,-0.004846281715830125
geoNetwork_city,1.9286601659201659,0.028021512509337692,0.0050276453088720086
trafficSource_isTrueDirect,1.9259410885994677,0.027022824773226685,0.0027190773206982044
trafficSource_adwordsClickInfo.gclId,1.9271847893120504,0.027531854593036163,-0.0012437007125827293
geoNetwork_continent,1.9231579503132188,0.0276717328319249,0.0027831382862488763
totals_hits,1.886423204589946,0.023447702512308356,0.03673474572327273
trafficSource_adContent,1.8867515220786852,0.02350706230548058,-0.00032831748873918265
geoNetwork_country,1.8801309883488018,0.02203137609034485,0.006292216241144288
device_browser,1.8753425341768621,0.02291954265612447,0.004788454171939627
trafficSource_adwordsClickInfo.isVideoAd,1.8753425341768621,0.022919542656124454,0.0
trafficSource_keyword,1.8790958205493915,0.02305461419522259,-0.003753286372529363
trafficSource_adwordsClickInfo.slot,1.8790958205493915,0.023054614195222606,-0.003753286372529363
trafficSource_referralPath,1.8785231084955807,0.024053303468261344,-0.003180574318718543
geoNetwork_networkDomain,1.8792401079805372,0.02263516992717789,-0.0038975738036750585
geoNetwork_metro,1.8824816938146332,0.0224763039900533,-0.007139159637771009
trafficSource_referralPath,2.1753143018756207,0.038717574746446215,0.0
visitNumber,2.166555754057905,0.038173878330534136,0.0087585478177159
geoNetwork_region,2.1578341028482813,0.038987013094740515,0.008721651209623538
totals_hits,1.9751881144618397,0.02985783130211072,0.18264598838644153
geoNetwork_country,1.9556764468873218,0.029470901506202418,0.019511667574517944
totals_bounces,1.9556764468873222,0.029470901506202463,-4.440892098500626e-16
trafficSource_adwordsClickInfo.adNetworkType,1.957323424794535,0.029515576590496258,-0.0016469779072132429
trafficSource_adwordsClickInfo.page,1.957323424794535,0.02951557659049627,-0.0016469779072132429
trafficSource_isTrueDirect,1.9544517374516914,0.028611946216692875,0.0012247094356303556
trafficSource_adwordsClickInfo.gclId,1.9531494134854253,0.02859029649755949,0.0013023239662661723
geoNetwork_networkDomain,1.9568179818624896,0.028439587162202257,-0.0036685683770643074
geoNetwork_subContinent,1.954293770676469,0.027745218045500997,-0.0011443571910436656
trafficSource_adwordsClickInfo.isVideoAd,1.954293770676469,0.027745218045500997,-0.0011443571910436656
trafficSource_source,1.953614160379054,0.028561440413229434,-0.00046474689362874244
totals_pageviews,1.897182366223388,0.02474249497042898,0.05596704726203727
device_deviceCategory,1.8899157147379804,0.024017703323255944,0.007266651485407616
geoNetwork_continent,1.8855030096751784,0.02364055899786468,0.004412705062802003
device_operatingSystem,1.8818989630952836,0.022986538689672553,0.0036040465798947707
geoNetwork_city,1.8828938093039334,0.023807232468830753,-0.0009948462086497578
trafficSource_medium,1.882398891623066,0.02294105171815094,-0.0004999285277824672
device_browser,1.8741400783217101,0.022678899301078425,0.007758884773573449
device_isMobile,1.87377634499355,0.022817986274523878,0.0003637333281600874
channelGrouping,1.878032804676597,0.023240392959751072,-0.004256459683046998
trafficSource_adwordsClickInfo.slot,1.878032804676597,0.023240392959751076,-0.004256459683046998
totals_newVisits,1.878032804676597,0.023240392959751072,-0.004256459683046998
trafficSource_keyword,1.8789492886916772,0.022538128352398473,-0.005172943698127153
trafficSource_adContent,1.8789492886916772,0.02253812835239851,-0.005172943698127153
trafficSource_campaign,1.8793540784065264,0.022598921639657557,-0.0055777334129762934
geoNetwork_metro,1.8825872547678006,0.02244031275307481,-0.008810909774250586
totals_hits,2.029521704531409,0.02583502291709301,0.0
trafficSource_adwordsClickInfo.isVideoAd,2.0290758263601143,0.02608428049463245,0.0004458781712948223
trafficSource_campaign,2.0281369215315554,0.026169792461386333,0.0009389048285588508
visitNumber,2.0088599909090776,0.027430791519268676,0.019276930622477817
trafficSource_keyword,2.0056360882942053,0.028395714806030016,0.003223902614872376
device_isMobile,1.9964929443095614,0.028428156380614918,0.009143143984643887
trafficSource_source,1.9798749342495925,0.029658084343624446,0.01661801005996888
trafficSource_adContent,1.9799253991558987,0.029672937457894892,-5.046490630622458e-05
trafficSource_medium,1.9786294957805926,0.02920150666394312,0.0012454384689999376
totals_newVisits,1.978629495780592,0.02920150666394314,4.440892098500626e-16
device_operatingSystem,1.9785737146797868,0.030135328469860573,5.578110080528553e-05
trafficSource_adwordsClickInfo.gclId,1.9777972205988497,0.029734582533478653,0.0007764940809371623
geoNetwork_metro,1.9762046986464394,0.03068469002326325,0.0015925219524102197
totals_bounces,1.976204698646439,0.03068469002326325,4.440892098500626e-16
device_browser,1.970737496617814,0.030042474612046493,0.005467202028625051
trafficSource_isTrueDirect,1.9700819217004724,0.029880441140791237,0.0006555749173415837
geoNetwork_networkDomain,1.9693501558013633,0.029703480826664363,0.0007317658991090603
trafficSource_adwordsClickInfo.page,1.9693501558013637,0.029703480826664352,-4.440892098500626e-16
trafficSource_adwordsClickInfo.slot,1.9689925590284443,0.029589445814308245,0.00035759677291902214
device_deviceCategory,1.9682598906439037,0.029703787514655345,0.0007326683845405579
totals_pageviews,1.8991892973016686,0.023002389721252417,0.06907059334223509
trafficSource_referralPath,1.9007499999395119,0.023811740234412817,-0.0015607026378432476
geoNetwork_city,1.8974714188956903,0.02395233868719525,0.001717878405978368
geoNetwork_region,1.8943428845721388,0.02249008233919227,0.003128534323551424
geoNetwork_continent,1.882795057849932,0.02380755177186153,0.011547826722206889
geoNetwork_subContinent,1.8829170559097061,0.02382479288159537,-0.00012199805977419764
trafficSource_adwordsClickInfo.adNetworkType,1.8829170559097061,0.023824792881595364,-0.00012199805977419764
geoNetwork_country,1.881480681295565,0.02302866324118858,0.0013143765543670582
channelGrouping,1.8816808371447529,0.02230622381700531,-0.00020015584918797735
channelGrouping,2.1845604088261643,0.03865848949040014,0.0
device_isMobile,2.1816209018627264,0.03835764148782385,0.002939506963437921
trafficSource_adwordsClickInfo.slot,2.1816424134738197,0.038374675128095684,-2.1511611093316674e-05
visitNumber,2.171866000579949,0.038222913211794565,0.00975490128277734
totals_bounces,2.1562849109548994,0.03776973488174576,0.015581089625049671
geoNetwork_subContinent,2.1470928636136866,0.03727462561213561,0.009192047341212817
trafficSource_adwordsClickInfo.isVideoAd,2.1470928636136866,0.03727462561213561,0.0
trafficSource_adwordsClickInfo.page,2.1470928636136866,0.03727462561213559,0.0
geoNetwork_continent,2.1471224908943767,0.03714667141230494,-2.9627280690114333e-05
geoNetwork_city,2.1372742369569786,0.038331536674278924,0.009818626656707963
trafficSource_isTrueDirect,2.137269894890797,0.038147287187053604,4.342066181717286e-06
geoNetwork_region,2.136590373396707,0.03829631330111869,0.0006795214940900074
totals_hits,1.9567888856519826,0.029483224697172496,0.17980148774472426
geoNetwork_country,1.950559233277821,0.027990581443158857,0.0062296523741616205
device_browser,1.9468070043933678,0.02781732651829214,0.003752228884453146
geoNetwork_networkDomain,1.9507273556760278,0.02867509001963391,-0.003920351282659995
trafficSource_adContent,1.9502419524430366,0.02848799759595568,-0.003434948049668707
trafficSource_adwordsClickInfo.adNetworkType,1.9502419524430366,0.028487997595955706,-0.003434948049668707
trafficSource_campaign,1.9503541166894582,0.028371545155127575,-0.0035471122960903934
trafficSource_referralPath,1.9453722610591313,0.029588019661483105,0.0014347433342365434
trafficSource_source,1.9438098090421998,0.02892750618835374,0.0015624520169315037
trafficSource_adwordsClickInfo.gclId,1.944525453742007,0.02956335384198233,-0.0007156446998071164
device_operatingSystem,1.9439495989550124,0.028772767422749985,-0.00013978991281260456
totals_pageviews,1.8748910631431044,0.023011337435923606,0.06891874589909541
totals_newVisits,1.8748910631431044,0.023011337435923606,0.0
trafficSource_keyword,1.8811661793304573,0.02342819055655416,-0.0062751161873528805
geoNetwork_metro,1.8795609663333201,0.023416714731159853,-0.004669903190215763
device_deviceCategory,1.87913189577502,0.02351529689030598,-0.004240832631915659
trafficSource_medium,1.8823521047993577,0.022519734279712753,-0.0074610416562532755
trafficSource_isTrueDirect,2.200742317056044,0.03960882651541127,0.0
geoNetwork_country,2.1820454463205516,0.03699971855580562,0.01869687073549242
trafficSource_adwordsClickInfo.gclId,2.1833451019064514,0.037124969986468345,-0.0012996555858997283
trafficSource_adwordsClickInfo.adNetworkType,2.1833451019064514,0.03712496998646838,-0.0012996555858997283
device_isMobile,2.176087818209551,0.03687678601188482,0.005957628111000535
device_deviceCategory,2.17592502414351,0.03689323405712668,0.00016279406604091662
geoNetwork_networkDomain,2.1748338312758,0.03775530940689785,0.001091192867709978
trafficSource_adwordsClickInfo.slot,2.1749756612551665,0.037808580021902835,-0.0001418299793662925
geoNetwork_continent,2.1746810623101944,0.037707943908092165,0.00015276896560578734
totals_bounces,2.157582991273742,0.03633479813280825,0.017098071036452556
trafficSource_referralPath,2.146985460894178,0.03552846476322455,0.010597530379564013
device_operatingSystem,2.1464472410202062,0.03567861890391184,0.0005382198739716237
geoNetwork_region,2.1426765429077848,0.0363243740905597,0.003770698112421478
trafficSource_medium,2.1424115988223456,0.036545350589914906,0.00026494408543920045
trafficSource_campaign,2.142480309341891,0.03647183426926032,-6.871051954560059e-05
device_browser,2.1420161591997506,0.03664327057202366,0.0003954396225949175
trafficSource_adwordsClickInfo.isVideoAd,2.1420161591997506,0.0366432705720237,0.0
channelGrouping,2.141622623395283,0.036338803535149275,0.0003935358044677706
trafficSource_source,2.142448264723913,0.036727820281101074,-0.0008256413286300557
totals_newVisits,2.1383463048156055,0.036598245737330434,0.003276318579677362
geoNetwork_metro,2.1378478021886584,0.03666987396309594,0.0004985026269470616
trafficSource_keyword,2.1374631603320253,0.03667671611720913,0.0003846418566331167
geoNetwork_subContinent,2.13718949724998,0.03670634667679848,0.00027366308204523904
visitNumber,2.1369616701522083,0.03660214563993831,0.00022782709777180443
totals_hits,1.9443180202656092,0.02749376433995593,0.1926436498865991
trafficSource_adwordsClickInfo.page,1.9443180202656092,0.02749376433995593,0.0
geoNetwork_city,1.9439776213278346,0.027981900599206622,0.00034039893777459973
totals_pageviews,1.8816094271377928,0.02230582134994034,0.062368194190041804
trafficSource_adContent,1.8817314783580592,0.022323233643743456,-0.00012205122026642812
geoNetwork_country,2.187891822148731,0.03716951751194061,0.0
trafficSource_adwordsClickInfo.isVideoAd,2.187836237759872,0.03718813738695255,5.5584388858775924e-05
trafficSource_isTrueDirect,2.1820864736576566,0.03698956700139682,0.005749764102215504
geoNetwork_region,2.1752957545547087,0.03765054154798719,0.006790719102947929
geoNetwork_subContinent,2.17557268959324,0.037760270410847376,-0.000276935038531434
totals_pageviews,1.9499912634133156,0.027232598737832216,0.22530449114139306
trafficSource_source,1.934856072788751,0.02770975324869524,0.015135190624564698
totals_bounces,1.934856072788751,0.027709753248695214,0.0
trafficSource_keyword,1.9346513509919656,0.02776833556536042,0.0002047217967853232
trafficSource_referralPath,1.9335901725974687,0.02779675720892435,0.001061178394496931
visitNumber,1.9335053600845196,0.02870979635339411,8.481251294911729e-05
geoNetwork_metro,1.929839795603462,0.026243813209128043,0.0036655644810574817
trafficSource_adwordsClickInfo.slot,1.9292336079536156,0.026130946586327208,0.0006061876498464347
device_deviceCategory,1.9256893536635764,0.02573861710186004,0.0035442542900392393
totals_newVisits,1.9256893536635769,0.025738617101860022,-4.440892098500626e-16
trafficSource_campaign,1.9251544083639651,0.025627639372479187,0.0005349452996112891
trafficSource_adContent,1.92519962862632,0.025635966536067457,-4.522026235487253e-05
geoNetwork_continent,1.9247988115622228,0.026165179376113058,0.00035559680174235275
trafficSource_adwordsClickInfo.page,1.9247988115622228,0.026165179376113058,0.0
totals_hits,1.885015758668669,0.022453753169837828,0.03978305289355366
geoNetwork_networkDomain,1.8858922399641542,0.022993638708632257,-0.0008764812954851209
trafficSource_adwordsClickInfo.gclId,1.8859558838164177,0.023181957190777914,-0.0009401251477485495
channelGrouping,1.8871384963308409,0.023493342825421402,-0.0021227376621717475
trafficSource_adwordsClickInfo.adNetworkType,1.8871384963308409,0.023493342825421405,-0.0021227376621717475
device_isMobile,1.8879153618026934,0.02330179545865748,-0.0028996031340242645
device_browser,1.884709792676727,0.02472344839681006,0.0003059659919422142
trafficSource_medium,1.8825498367773696,0.024891865920687175,0.0021599558993572465
geoNetwork_city,1.880567227822743,0.023728958911952824,0.0019826089546266523
device_operatingSystem,1.8818942455408372,0.022250371870450286,-0.0013270177180941811
trafficSource_adwordsClickInfo.gclId,2.209381301355684,0.03969812639673883,0.0
totals_pageviews,2.0075175208462297,0.024184019011031583,0.2018637805094543
device_isMobile,1.9928053678273105,0.023690616839208197,0.01471215301891915
totals_newVisits,1.9700285970638958,0.026224458941096724,0.022776770763414778
geoNetwork_metro,1.9526059098457829,0.02781582174836066,0.01742268721811291
trafficSource_source,1.9481872755008687,0.028470105590471667,0.004418634344914185
channelGrouping,1.951607505564556,0.029564837823373137,-0.0034202300636874128
totals_hits,1.9099862207558467,0.023260693122419743,0.038201054745022
trafficSource_adwordsClickInfo.adNetworkType,1.9099862207558467,0.02326069312241969,0.0
device_operatingSystem,1.9033842359445778,0.023081307368973007,0.006601984811268835
trafficSource_adwordsClickInfo.page,1.9033842359445778,0.023081307368973007,0.0
trafficSource_adContent,1.9030963120207147,0.02302892683416403,0.0002879239238631204
trafficSource_campaign,1.9029389943584107,0.023153162134924486,0.0001573176623039796
trafficSource_adwordsClickInfo.slot,1.9029389943584103,0.023153162134924483,4.440892098500626e-16
trafficSource_isTrueDirect,1.9051218112246957,0.02440629047095009,-0.0021828168662854086
trafficSource_referralPath,1.9051456477953892,0.024589629329072694,-0.0022066534369789004
device_browser,1.9003893991541871,0.024044564233739667,0.002549595204223154
geoNetwork_subContinent,1.8857087618102675,0.025090818205453412,0.014680637343919667
trafficSource_adwordsClickInfo.isVideoAd,1.8857087618102675,0.025090818205453412,0.0
geoNetwork_continent,1.8821926972134029,0.02513740350208051,0.0035160645968645987
geoNetwork_country,1.8773248768935358,0.023372892806625096,0.0048678203198671
totals_bounces,1.8773248768935358,0.023372892806625085,0.0
geoNetwork_networkDomain,1.8767252384383624,0.025318739881421238,0.0005996384551734124
trafficSource_medium,1.8788843013113965,0.024676966075059932,-0.0021590628730341344
trafficSource_keyword,1.880076897526343,0.024310557375561113,-0.0033516590879807406
visitNumber,1.8807229725992247,0.023275821426310773,-0.003997734160862354
geoNetwork_region,1.882682390172183,0.024067511149595273,-0.005957151733820609
device_deviceCategory,1.882260939536804,0.024214148012456162,-0.005535701098441592
geoNetwork_city,1.8816805542878208,0.022306135006,-0.004955315849458408
trafficSource_referralPath,2.1753143018756202,0.0387175747464462,0.0
trafficSource_adContent,2.175313758540352,0.03872415442471795,5.43335268332612e-07
geoNetwork_continent,2.1675893649492872,0.03815844174162113,0.007724393591064693
totals_hits,1.9746409575079866,0.029287995049909886,0.1929484074413006
visitNumber,1.963392100064962,0.030646517509489303,0.011248857443024729
device_deviceCategory,1.9605575317817538,0.030033813394967045,0.00283456828320805
totals_pageviews,1.8894136735892004,0.02188150461830378,0.07114385819255342
trafficSource_medium,1.8867112376083124,0.022098331354820012,0.0027024359808880405
trafficSource_adwordsClickInfo.adNetworkType,1.8857229558214228,0.021624922980709314,0.0009882817868895888
geoNetwork_country,1.879906633898024,0.02073592058930215,0.0058163219233988706
trafficSource_adwordsClickInfo.gclId,1.8789808075043009,0.021207729924528372,0.0009258263937230726
trafficSource_campaign,1.8794267633741661,0.02130960040219719,-0.0004459558698652888
geoNetwork_region,1.8833158025233545,0.023189352214167423,-0.004334995019053656
geoNetwork_networkDomain,1.8885357381582035,0.023630507862792006,-0.009554930653902671
totals_newVisits,1.8885357381582035,0.023630507862792006,-0.009554930653902671
device_operatingSystem,1.884743180163769,0.022421430000502878,-0.005762372659468218
channelGrouping,1.8839248361595462,0.022369644567547205,-0.004944028655245347
geoNetwork_metro,1.8872620792667871,0.022739119358228043,-0.008281271762486275
trafficSource_adwordsClickInfo.page,1.8872620792667871,0.022739119358228078,-0.008281271762486275
device_browser,1.8804250307584134,0.02309406956630919,-0.001444223254112531
trafficSource_adwordsClickInfo.slot,1.8804250307584134,0.023094069566309206,-0.001444223254112531
trafficSource_keyword,1.8795525476821644,0.023570505429898584,-0.0005717401778635445
geoNetwork_city,1.877143733397024,0.023911281921266615,0.0018370741072768482
trafficSource_source,1.8748070290655963,0.02279266666146777,0.0023367043314277414
device_isMobile,1.8753346767554322,0.022183387537067945,-0.0005276476898359306
trafficSource_isTrueDirect,1.8820008838922022,0.02221478540180294,-0.00719385482660595
totals_bounces,1.8820008838922022,0.022214785401802925,-0.00719385482660595
trafficSource_adwordsClickInfo.isVideoAd,1.8820008838922022,0.022214785401802918,-0.00719385482660595
geoNetwork_subContinent,1.8819090931866218,0.022262180979003027,-0.007102064121025542
trafficSource_adwordsClickInfo.isVideoAd,2.209365433603814,0.039693199758471576,0.0
trafficSource_medium,2.2089797897550323,0.039796984622056664,0.0003856438487819247
totals_newVisits,2.1874171760838292,0.039295999131087986,0.021562613671203046
totals_bounces,2.16627718083409,0.03854288274632345,0.021139995249739307
trafficSource_adwordsClickInfo.slot,2.1662789136795926,0.0385444220208838,-1.732845502644409e-06
device_deviceCategory,2.164089755394559,0.03814768775724824,0.0021874254395308768
channelGrouping,2.15566023915104,0.038094175771252674,0.008429516243519064
trafficSource_adwordsClickInfo.page,2.15566023915104,0.038094175771252674,0.0
trafficSource_isTrueDirect,2.15523794255327,0.038122556759603916,0.0004222965977698223
trafficSource_source,2.150892507534217,0.03797789112300293,0.0043454350190530455
totals_hits,1.98024923386047,0.03082079548111353,0.1706432736737471
geoNetwork_region,1.970844798522964,0.032399838672819176,0.009404435337506012
trafficSource_adwordsClickInfo.adNetworkType,1.970844798522964,0.032399838672819176,0.0
geoNetwork_continent,1.9541107376170666,0.03241955949719224,0.016734060905897463
device_isMobile,1.9549057282033027,0.03244486966439539,-0.0007949905862361106
geoNetwork_metro,1.9540455284091176,0.03207054238530467,6.520920794894636e-05
device_browser,1.9459014302144748,0.031406953205556844,0.00814409819464279
totals_pageviews,1.8828388966946885,0.026258745618710007,0.0630625335197863
trafficSource_keyword,1.8847260491363973,0.025401163482046647,-0.0018871524417087837
device_operatingSystem,1.8818594898076726,0.025669442086796213,0.0009794068870159212
geoNetwork_subContinent,1.8841574076601408,0.025766281462919167,-0.0022979178524682453
geoNetwork_networkDomain,1.8856051906794793,0.025905553620613937,-0.003745700871806701
geoNetwork_country,1.8827346937470897,0.02537078605257358,-0.0008752039394170907
trafficSource_adwordsClickInfo.gclId,1.8824018102019848,0.025298524738677275,-0.0005423203943122346
trafficSource_referralPath,1.877777474031964,0.025314447449255872,0.004082015775708658
trafficSource_adContent,1.877489551384469,0.025278053492498294,0.0002879226474949981
visitNumber,1.882360720057854,0.02414237607000385,-0.004871168673385107
geoNetwork_city,1.8818690784825676,0.02228116210526998,-0.0043795270980986345
trafficSource_campaign,1.8818690784825676,0.022281162105269987,-0.0043795270980986345
trafficSource_campaign,2.209061686815307,0.03972141001405961,0.0
device_isMobile,2.2073538392838783,0.03948457902211992,0.001707847531428719
geoNetwork_region,2.179966167071229,0.03760643422873413,0.02738767221264915
trafficSource_adwordsClickInfo.adNetworkType,2.1799014953258995,0.03760711992536282,6.467174532964748e-05
trafficSource_adwordsClickInfo.page,2.1799014953258995,0.03760711992536284,0.0
trafficSource_adwordsClickInfo.slot,2.179905878749102,0.037609441243068635,-4.383423202636294e-06
totals_hits,1.9963269585914254,0.02835031723810793,0.1835745367344741
geoNetwork_city,1.993272776434096,0.029600088722116093,0.0030541821573293326
totals_newVisits,1.9785743814559957,0.03284642525492783,0.014698394978100326
geoNetwork_continent,1.9634547616485338,0.033456321281976294,0.015119619807461904
visitNumber,1.9601484407849092,0.031040910306401243,0.00330632086362459
device_deviceCategory,1.9623575811491105,0.030424386183761466,-0.0022091403642012786
geoNetwork_subContinent,1.9625234808380427,0.030594428905271753,-0.0023750400531334925
geoNetwork_metro,1.9604701008142267,0.030735765982178986,-0.00032166002931743876
totals_bounces,1.9604701008142267,0.030735765982178958,-0.00032166002931743876
trafficSource_medium,1.9542733380523511,0.029272777578311426,0.005875102732558091
channelGrouping,1.9539462864108468,0.029206803512523527,0.00032705164150437227
totals_pageviews,1.8896211935832574,0.022559998421774075,0.06432509282758936
device_operatingSystem,1.8863147929952357,0.02271066672855188,0.003306400588021674
trafficSource_isTrueDirect,1.8883688326512869,0.02223075053762241,-0.00205403965605111
device_browser,1.8821993328180853,0.023831647568235637,0.004115460177150476
trafficSource_source,1.8815578877456112,0.02371099736227628,0.0006414450724741005
trafficSource_adwordsClickInfo.gclId,1.8822379950803778,0.02365268326204434,-0.0006801073347666442
geoNetwork_networkDomain,1.8838625767952297,0.02469737295756063,-0.002304689049618558
trafficSource_keyword,1.8799792102936732,0.023460106508269477,0.0015786774519379598
geoNetwork_country,1.881040664413542,0.02236223512729988,-0.0010614541198687988
trafficSource_adwordsClickInfo.isVideoAd,1.881040664413542,0.022362235127299852,-0.0010614541198687988
trafficSource_referralPath,1.882192927072793,0.022523769648146282,-0.0022137167791198564
trafficSource_adContent,1.882322690704634,0.022542134793097322,-0.0023434804109607743
trafficSource_medium,2.2089527908463458,0.039788891558812246,0.0
geoNetwork_continent,2.193942041477007,0.03870678851289781,0.015010749369338772
trafficSource_adwordsClickInfo.slot,2.193957377524571,0.038720266139631365,-1.533604756387419e-05
geoNetwork_city,2.172594972769197,0.038156583036265124,0.021347068707810113
geoNetwork_metro,2.1732635616159164,0.03836033376012489,-0.0006685888467194978
geoNetwork_networkDomain,2.1710432010085428,0.03769123448233427,0.0015517717606541304
trafficSource_campaign,2.171101598018012,0.03772721121287008,-5.8397009469413064e-05
geoNetwork_region,2.1709927031275837,0.037726020361377836,5.0497880959010644e-05
trafficSource_adwordsClickInfo.adNetworkType,2.1709927031275837,0.03772602036137786,0.0
geoNetwork_country,2.168185742883826,0.03646386235435982,0.0028069602437579277
trafficSource_adwordsClickInfo.page,2.168185742883826,0.03646386235435979,0.0
totals_hits,1.972324141317489,0.02887380271954329,0.1958616015663368
totals_pageviews,1.9178833925970622,0.02358017828956809,0.05444074872042681
device_isMobile,1.9061538635281354,0.022544364309426013,0.01172952906892677
trafficSource_adwordsClickInfo.isVideoAd,1.9061538635281354,0.022544364309426013,0.0
geoNetwork_subContinent,1.9051853830617183,0.022315477297905038,0.0009684804664171764
trafficSource_isTrueDirect,1.893424719283328,0.024456826968389134,0.011760663778390246
trafficSource_keyword,1.8950193889706957,0.023490138905666084,-0.0015946696873676558
trafficSource_adContent,1.8950193889706957,0.023490138905666102,-0.0015946696873676558
visitNumber,1.8915160954238988,0.023264462180162204,0.0019086238594292482
trafficSource_referralPath,1.8841319029127355,0.02455282992589227,0.00738419251116329
totals_newVisits,1.8841319029127355,0.02455282992589227,0.0
device_browser,1.8819964411218044,0.023685228435296676,0.002135461790931048
trafficSource_adwordsClickInfo.gclId,1.881481163616418,0.023549350190761015,0.0005152775053864911
device_deviceCategory,1.8814820503200753,0.023549460102895676,-8.867036573878551e-07
totals_bounces,1.8814820503200749,0.023549460102895638,-8.867036569437658e-07
channelGrouping,1.8798990237820692,0.024109298158092117,0.0015821398343487392
device_operatingSystem,1.87911391805206,0.024693036560546312,0.0007851057300092279
trafficSource_source,1.8823241135569806,0.022517206309216883,-0.003210195504920632
trafficSource_medium,2.2089527908463458,0.03978889155881227,0.0
geoNetwork_networkDomain,2.1867278389727063,0.036913238392310435,0.022224951873639487
geoNetwork_city,2.1730443837777464,0.036873342826060834,0.013683455194959837
totals_bounces,2.159585141717944,0.03558982047688235,0.013459242059802534
device_browser,2.157258869746618,0.03570797927335043,0.002326271971325955
trafficSource_adwordsClickInfo.gclId,2.1572333665279215,0.035684472521092345,2.550321869643213e-05
trafficSource_adwordsClickInfo.isVideoAd,2.1572333665279215,0.035684472521092366,0.0
trafficSource_adwordsClickInfo.slot,2.1573747201042517,0.03572632170814055,-0.000141353576330161
trafficSource_isTrueDirect,2.1491396940112346,0.03673226853960536,0.008093672516686912
device_deviceCategory,2.146861772270358,0.03715431008671072,0.0022779217408768204
geoNetwork_subContinent,2.141988363744375,0.03701519840327811,0.004873408525982725
trafficSource_adContent,2.1421034721229395,0.03709478524063133,-0.00011510837856443246
totals_pageviews,1.9331732614895905,0.027651802714262635,0.2088151022547846
geoNetwork_metro,1.9336855335833403,0.02777060373757383,-0.0005122720937498215
trafficSource_source,1.9299362723385465,0.02852103745263005,0.0032369891510439786
visitNumber,1.9274707362974237,0.028787186017718753,0.0024655360411227623
device_isMobile,1.929183439582502,0.028989145606046384,-0.001712703285078332
geoNetwork_continent,1.9232209397870554,0.026909988310478465,0.0042497965103682755
trafficSource_adwordsClickInfo.page,1.9232209397870554,0.026909988310478465,0.0
trafficSource_referralPath,1.921641570203399,0.02656826646491974,0.0015793695836563426
trafficSource_campaign,1.9227917986683036,0.026795694227188416,-0.0011502284649045347
geoNetwork_country,1.9149276049227422,0.025325743429161378,0.0067139652806569305
totals_hits,1.8790383374756305,0.02347453432482676,0.03588926744711163
totals_newVisits,1.8790383374756305,0.02347453432482678,0.0
device_operatingSystem,1.879586959686107,0.022800770163394872,-0.0005486222104764682
trafficSource_keyword,1.8809721688907366,0.022937641647658647,-0.0019338314151060576
channelGrouping,1.8741003428321386,0.022908326124983742,0.004937994643491983
trafficSource_adwordsClickInfo.adNetworkType,1.8741003428321386,0.02290832612498377,0.0
geoNetwork_region,1.8825077494680253,0.02245517452744899,-0.008407406635886794
trafficSource_adContent,2.209365643806992,0.03967885904888646,0.0
trafficSource_adwordsClickInfo.adNetworkType,2.2093503708240414,0.0396988403529932,1.527298295078694e-05
geoNetwork_region,2.1846036555154913,0.037802018764659016,0.024746715308550105
geoNetwork_subContinent,2.1806084242525294,0.038219726422335315,0.0039952312629618625
trafficSource_source,2.1585445492857325,0.03799822374207122,0.02206387496679696
visitNumber,2.1517792317316253,0.038998295803791674,0.006765317554107142
geoNetwork_metro,2.1527312345111516,0.03833828546373044,-0.0009520027795262287
device_operatingSystem,2.152111589535857,0.03847474796151877,-0.0003323578042317976
device_isMobile,2.152292845139905,0.03884534741309594,-0.0005136134082794896
geoNetwork_continent,2.1507679700042575,0.03852051360259076,0.0010112617273678737
trafficSource_keyword,2.1506102429951723,0.03843598041889644,0.00015772700908511794
geoNetwork_country,2.1494523875632168,0.037083746116962336,0.0011578554319555678
trafficSource_isTrueDirect,2.1492890837974463,0.03707008935651223,0.00016330376577045058
trafficSource_medium,2.1479233370146162,0.036929607341695474,0.0013657467828300796
trafficSource_adwordsClickInfo.gclId,2.148010233610706,0.03673978110198088,-8.689659608984712e-05
channelGrouping,2.1491583023954504,0.03672208242314603,-0.0012349653808341188
trafficSource_adwordsClickInfo.page,2.1491583023954504,0.03672208242314603,-0.0012349653808341188
device_browser,2.1484052698384035,0.037078098331197074,-0.00048193282378727886
totals_bounces,2.1361782313046236,0.03654925788985137,0.011745105709992654
trafficSource_referralPath,2.1357847947997124,0.036916309618561766,0.0003934365049111932
device_deviceCategory,2.135614832716522,0.036909899110424325,0.00016996208319053352
trafficSource_adwordsClickInfo.slot,2.135614212748316,0.036910177590495925,6.199682056617917e-07
geoNetwork_networkDomain,2.1368740157219936,0.03634462691889069,-0.0012598029736774485
geoNetwork_city,2.134409231976431,0.036923859288938966,0.0012049807718850225
trafficSource_adwordsClickInfo.isVideoAd,2.134409231976431,0.03692385928893897,0.0
trafficSource_campaign,2.1343865534975013,0.036934970168764965,2.267847892989394e-05
totals_pageviews,1.9122434072289995,0.025691918640984503,0.22214314626850173
totals_newVisits,1.9122434072289995,0.025691918640984503,0.0
totals_hits,1.8817243751913755,0.022312403090690137,0.030519032037624072
trafficSource_adContent,2.209365643806992,0.039678859048886475,0.0
visitNumber,2.189856923485008,0.038301604556516995,0.019508720321984363
geoNetwork_region,2.1742175409677413,0.039121299484147526,0.015639382517266487
device_operatingSystem,2.1686446496767706,0.03920725057146365,0.005572891290970716
device_deviceCategory,2.1683918203664465,0.03908421833282315,0.0002528293103241097
trafficSource_adwordsClickInfo.slot,2.1690403393580375,0.0394438703269739,-0.0006485189915910183
geoNetwork_subContinent,2.161861573107358,0.039236254195779474,0.006530247259088462
device_isMobile,2.1619636439711787,0.03928592164502673,-0.00010207086382063579
trafficSource_isTrueDirect,2.1621710613517844,0.039149618752819096,-0.00030948824442633693
totals_hits,1.969435540572674,0.030331746405829963,0.19242603253468404
totals_newVisits,1.969435540572674,0.03033174640582998,0.0
geoNetwork_networkDomain,1.9663251413249867,0.029394886447622122,0.003110399247687301
trafficSource_source,1.9601813313461243,0.03128706898636173,0.006143809978862436
trafficSource_campaign,1.960142824825445,0.030955201517530707,3.850652067916016e-05
geoNetwork_continent,1.9563658738595908,0.02965436277382767,0.0037769509658542866
trafficSource_adwordsClickInfo.page,1.9563658738595908,0.02965436277382767,0.0
totals_bounces,1.9563658738595908,0.02965436277382767,0.0
device_browser,1.9506338525504732,0.031224530164058007,0.005732021309117652
trafficSource_keyword,1.9514926744517005,0.02971125867501819,-0.0008588219012273246
trafficSource_medium,1.9520967508673976,0.029465219932246645,-0.001462898316924477
geoNetwork_city,1.9498310040549232,0.02929366511297312,0.0008028484955500126
trafficSource_referralPath,1.9446201223741166,0.030512296712814392,0.005210881680806523
geoNetwork_country,1.9417919216386152,0.02827937048406891,0.002828200735501385
totals_pageviews,1.880040771889614,0.023038266116253488,0.06175114974900131
geoNetwork_metro,1.8831926883626788,0.023402096817385015,-0.0031519164730648974
trafficSource_adwordsClickInfo.isVideoAd,1.8831926883626788,0.023402096817385025,-0.0031519164730648974
channelGrouping,1.881030087988356,0.02235041635194594,-0.000989316098741977
trafficSource_adwordsClickInfo.adNetworkType,1.881030087988356,0.02235041635194594,-0.000989316098741977
trafficSource_adwordsClickInfo.gclId,1.8825394607530697,0.022454344324700434,-0.0024986888634557225
